handle,title,title_len,seo_title_len,meta_len,tags,variants,images,SEO,SEO_excluding_alt,TECH,SCHEMA,COPY,GEO,OVERALL,top_issue,seo_issues,tech_issues,schema_issues,schema_pending,copy_issues,geo_issues
double-camping-hammock-parachute-nylon-300-200-cm-4-colours,"Double Camping Hammock — Parachute Nylon, 300 × 200 cm, 4 Colours",65,48,129,7,4,5,FAIL,FAIL,PASS,PASS,PASS,PASS,FAIL,SEO: meta desc short (129),meta desc short (129) | no admin alt on any of 5 images (theme falls back to title on main image only),,,pending theme publish: shippingDetails+hasMerchantReturnPolicy,,
knitted-hat-scarf-and-gloves-3-piece-set-womens-winter-set,"Knitted Hat, Scarf and Gloves 3-Piece Set — Women's Winter Set",62,51,135,7,5,10,FAIL,PASS,PASS,PASS,FAIL,FAIL,FAIL,COPY: missing size/dimensions/material/what's included,no admin alt on any of 10 images (theme falls back to title on main image only),,,pending theme publish: shippingDetails+hasMerchantReturnPolicy,missing size/dimensions/material/what's included | no shipping sentence,only 0/3 of size/material/included facts | no delivery timing line
knit-beanie-with-ear-flaps-and-pompom-womens-winter-hat,Knit Beanie with Ear Flaps and Pompom — Women's Winter Hat,58,55,131,8,5,10,FAIL,PASS,PASS,PASS,FAIL,FAIL,FAIL,COPY: missing size/dimensions/material,no admin alt on any of 10 images (theme falls back to title on main image only),,,pending theme publish: shippingDetails+hasMerchantReturnPolicy,missing size/dimensions/material | no shipping sentence,only 1/3 of size/material/included facts | no who/use-case line | no delivery timing line
womens-pu-crossbody-bag-small-flap-bag-18-x-7-x-12-cm,"Women's PU Crossbody Bag — Small Flap Bag, 18 x 7 x 12 cm",57,52,131,8,6,11,FAIL,PASS,PASS,PASS,FAIL,FAIL,FAIL,GEO: no delivery timing line,no admin alt on any of 11 images (theme falls back to title on main image only),,,pending theme publish: shippingDetails+hasMerchantReturnPolicy,no shipping sentence,no delivery timing line
3-piece-ball-bead-chain-jewellery-set-necklace-bracelet-and-earrings,"Gold-Tone Ball Chain Jewellery Set — Necklace, Bracelet, Earrings",65,55,136,9,1,7,FAIL,PASS,PASS,PASS,FAIL,FAIL,FAIL,GEO: no who/use-case line,no admin alt on any of 7 images (theme falls back to title on main image only),,,pending theme publish: shippingDetails+hasMerchantReturnPolicy,no shipping sentence,no who/use-case line | no delivery timing line
folding-stadium-seat-cushion-portable-oxford-cloth-bleacher-pad-3-colours,"Folding Stadium Seat Cushion — Oxford Cloth, 3 Colours",54,54,141,8,3,9,FAIL,PASS,PASS,PASS,FAIL,FAIL,FAIL,COPY: missing what's included,no admin alt on any of 9 images (theme falls back to title on main image only),,,pending theme publish: shippingDetails+hasMerchantReturnPolicy,missing what's included,only 2/3 of size/material/included facts
picnic-and-beach-mat-260-205-cm-blue-grey-or-light-blue,"Picnic and Beach Mat — 260 × 205 cm, Blue Grey or Light Blue",60,50,131,8,2,7,FAIL,PASS,PASS,PASS,FAIL,PASS,FAIL,COPY: risky/performance words: waterproof,no admin alt on any of 7 images (theme falls back to title on main image only),,,pending theme publish: shippingDetails+hasMerchantReturnPolicy,risky/performance words: waterproof | supplier-style phrasing: Packing list,
waterproof-snow-gaiters-pair-for-hiking-and-winter-walks,"Snow Gaiters for Hiking and Winter Walks — Pair, One Size",57,50,140,8,1,3,FAIL,PASS,PASS,PASS,FAIL,FAIL,FAIL,COPY: risky/performance words: waterproof,no admin alt on any of 3 images (theme falls back to title on main image only),,,pending theme publish: shippingDetails+hasMerchantReturnPolicy,risky/performance words: waterproof | supplier-style phrasing: Please (note|allow) | missing size/dimensions/material,only 1/3 of size/material/included facts
pet-carrier-backpack-breathable-mesh-bag-for-puppies-kittens,Pet Carrier Backpack — Breathable Mesh Bag for Puppies & Kittens,64,54,133,7,6,7,FAIL,PASS,PASS,PASS,FAIL,FAIL,FAIL,COPY: risky/performance words: durable,no admin alt on any of 7 images (theme falls back to title on main image only),,,pending theme publish: shippingDetails+hasMerchantReturnPolicy,risky/performance words: durable | missing what's included,only 2/3 of size/material/included facts | no delivery timing line
waterproof-desk-mat-large-pu-leather-look-mouse-pad-3-sizes,"Large Desk Mat Mouse Pad — 3 Sizes, PU Surface",46,51,130,8,12,7,FAIL,PASS,PASS,PASS,FAIL,FAIL,FAIL,COPY: risky/performance words: waterproof,no admin alt on any of 7 images (theme falls back to title on main image only),,,pending theme publish: shippingDetails+hasMerchantReturnPolicy,risky/performance words: waterproof | missing what's included,only 2/3 of size/material/included facts
inflatable-camping-pillow-compact-travel-pillow-3-colours,"Inflatable Camping Pillow — Compact Travel Pillow, 3 Colours",60,59,138,6,3,5,FAIL,PASS,PASS,PASS,FAIL,FAIL,FAIL,COPY: missing material/what's included,no admin alt on any of 5 images (theme falls back to title on main image only),,,pending theme publish: shippingDetails+hasMerchantReturnPolicy,missing material/what's included,only 1/3 of size/material/included facts
felt-fabric-raised-bed-planter-60-60-40-cm-black,"Felt Fabric Raised-Bed Planter — 60 × 60 × 40 cm, Black",55,56,132,7,1,8,FAIL,PASS,PASS,PASS,PASS,PASS,FAIL,SEO: no admin alt on any of 8 images (theme falls back to title on main image only),no admin alt on any of 8 images (theme falls back to title on main image only),,,pending theme publish: shippingDetails+hasMerchantReturnPolicy,,
non-slip-back-seat-dog-bed-mat-soft-padded-car-seat-cover,Back Seat Dog Bed Mat — Soft Padded Car Seat Cover,50,56,121,7,3,8,FAIL,FAIL,PASS,PASS,FAIL,FAIL,FAIL,"COPY: risky/performance words: anti-skid, heavy-duty, odours, protects",meta desc short (121) | no admin alt on any of 8 images (theme falls back to title on main image only),,,pending theme publish: shippingDetails+hasMerchantReturnPolicy,"risky/performance words: anti-skid, heavy-duty, odours, protects | missing size/dimensions/what's included",only 1/3 of size/material/included facts | no delivery timing line
chunky-yarn-crochet-fawn-diy-adult-craft-kit-navy,"Chunky Yarn Crochet Fawn — DIY Adult Craft Kit, Navy",52,51,139,8,1,5,FAIL,PASS,PASS,PASS,FAIL,FAIL,FAIL,COPY: missing size/dimensions/what's included,no admin alt on any of 5 images (theme falls back to title on main image only),,,pending theme publish: shippingDetails+hasMerchantReturnPolicy,missing size/dimensions/what's included,only 1/3 of size/material/included facts
crescent-moon-candle-holder-metal-tealight-holder-gold-or-black,"Crescent Moon Candle Holder — Metal Tealight Holder, Gold or Black",66,54,132,8,2,6,FAIL,PASS,PASS,PASS,FAIL,PASS,FAIL,COPY: risky/performance words: durable,no admin alt on any of 6 images (theme falls back to title on main image only),,,pending theme publish: shippingDetails+hasMerchantReturnPolicy,risky/performance words: durable,
step-in-dog-harness-leash-set-reflective-mesh-vest,Step-In Dog Harness & Leash Set — Reflective Mesh Vest,54,55,136,7,24,16,FAIL,PASS,PASS,PASS,FAIL,FAIL,FAIL,COPY: missing size/dimensions,no admin alt on any of 16 images (theme falls back to title on main image only),,,pending theme publish: shippingDetails+hasMerchantReturnPolicy,missing size/dimensions,only 2/3 of size/material/included facts | no delivery timing line
milk-velvet-fleece-sofa-throw-soft-solid-colour-blanket-120-200-cm,"Milk-Velvet Fleece Throw Blanket — 120 × 200 cm, 5 Colours",58,58,123,7,5,9,FAIL,FAIL,PASS,PASS,FAIL,FAIL,FAIL,COPY: missing what's included,meta desc short (123) | no admin alt on any of 9 images (theme falls back to title on main image only),,,pending theme publish: shippingDetails+hasMerchantReturnPolicy,missing what's included,only 2/3 of size/material/included facts
merry-christmas-wooden-hanging-sign-5-designs-20-cm,"Merry Christmas Wooden Hanging Sign — 5 Designs, 20 cm",54,54,119,8,5,10,FAIL,FAIL,PASS,PASS,FAIL,FAIL,FAIL,COPY: missing what's included,meta desc short (119) | no admin alt on any of 10 images (theme falls back to title on main image only),,,pending theme publish: shippingDetails+hasMerchantReturnPolicy,missing what's included,only 2/3 of size/material/included facts
book-shaped-wooden-pen-holder-retro-desk-organizer-small,"Book-Shaped Pen Holder — Retro Desk Organizer, Small",52,56,130,7,1,4,FAIL,PASS,PASS,PASS,FAIL,FAIL,FAIL,COPY: supplier-style phrasing: \bwith good\b|\bmade of high,no admin alt on any of 4 images (theme falls back to title on main image only),,,pending theme publish: shippingDetails+hasMerchantReturnPolicy,supplier-style phrasing: \bwith good\b|\bmade of high | missing size/dimensions/what's included,only 1/3 of size/material/included facts
printed-waterproof-shower-curtain-180-180-cm-hooks-included,"Printed Waterproof Shower Curtain — 180 × 180 cm, Hooks Included",64,58,132,5,2,1,FAIL,FAIL,FAIL,PASS,FAIL,FAIL,FAIL,COPY: risky/performance words: waterproof,tags 5<6 | no admin alt on any of 1 images (theme falls back to title on main image only),images 1<3,,pending theme publish: shippingDetails+hasMerchantReturnPolicy,risky/performance words: waterproof | missing material | no shipping sentence,only 2/3 of size/material/included facts | no who/use-case line | no delivery timing line
silicone-sloped-draining-mat-dish-drying-pad-58-43-cm,"Silicone Sloped Draining Mat — Dish Drying Pad, 58 × 43 cm",58,57,136,5,3,8,FAIL,FAIL,PASS,PASS,FAIL,FAIL,FAIL,SEO: tags 5<6,tags 5<6 | no admin alt on any of 8 images (theme falls back to title on main image only),,,pending theme publish: shippingDetails+hasMerchantReturnPolicy,no shipping sentence,no delivery timing line
absorbent-non-slip-door-mat-latex-backing-grey,"Absorbent Non-Slip Door Mat — Latex Backing, Grey",49,54,129,6,2,5,FAIL,FAIL,PASS,PASS,FAIL,FAIL,FAIL,SEO: meta desc short (129),meta desc short (129) | no admin alt on any of 5 images (theme falls back to title on main image only),,,pending theme publish: shippingDetails+hasMerchantReturnPolicy,no shipping sentence,no delivery timing line
cardinal-christmas-fleece-blanket-soft-flannel-throw-150-200-cm,"Cardinal Christmas Fleece Blanket — Soft Flannel Throw, 150 × 200 cm",68,51,141,8,1,8,FAIL,PASS,PASS,PASS,FAIL,FAIL,FAIL,COPY: risky/performance words: skin,no admin alt on any of 8 images (theme falls back to title on main image only),,,pending theme publish: shippingDetails+hasMerchantReturnPolicy,risky/performance words: skin | supplier-style phrasing: \bbeautiful and generous\b|\ | missing what's included | no shipping sentence,only 2/3 of size/material/included facts | no delivery timing line
waffle-weave-bath-towel-long-staple-cotton-70-140-cm,"Waffle Weave Bath Towel — Long-Staple Cotton, 70 × 140 cm",57,55,133,5,4,5,FAIL,FAIL,PASS,PASS,FAIL,FAIL,FAIL,COPY: supplier-style phrasing: \bbeautiful and generous\b|\,tags 5<6 | no admin alt on any of 5 images (theme falls back to title on main image only),,,pending theme publish: shippingDetails+hasMerchantReturnPolicy,supplier-style phrasing: \bbeautiful and generous\b|\ | no shipping sentence,no who/use-case line | no delivery timing line
hotel-style-bed-runner-plain-modern-bed-throw,Hotel-Style Bed Runner — Plain Modern Bed Throw,47,45,122,6,17,9,FAIL,FAIL,PASS,PASS,FAIL,FAIL,FAIL,COPY: missing material,meta desc short (122) | no admin alt on any of 9 images (theme falls back to title on main image only),,,pending theme publish: shippingDetails+hasMerchantReturnPolicy,missing material | no shipping sentence,only 2/3 of size/material/included facts | no who/use-case line | no delivery timing line
laptop-sleeve-case-protective-notebook-cover-for-11-to-15-inch-laptops-5-colours,"Laptop Sleeve Case - Protective Notebook Cover for 11 to 15 Inch Laptops, 5 Colours",83,55,119,6,11,8,FAIL,FAIL,FAIL,PASS,FAIL,FAIL,FAIL,SEO: product title long (83),product title long (83) | meta desc short (119) | no admin alt on any of 8 images (theme falls back to title on main image only),no cj: pid tag,,pending theme publish: shippingDetails+hasMerchantReturnPolicy,no shipping sentence,lead paragraph >45 words | no who/use-case line
dog-breed-oven-mitt-and-trivet-set-2-piece-kitchen-gift-set-7-breeds,"Dog Breed Oven Mitt and Trivet Set - 2-Piece Kitchen Gift Set, 7 Breeds",71,48,115,6,7,8,FAIL,FAIL,FAIL,PASS,FAIL,PASS,FAIL,COPY: supplier-style phrasing: \bCJ\b,product title long (71) | meta desc short (115) | no admin alt on any of 8 images (theme falls back to title on main image only),no cj: pid tag,,pending theme publish: shippingDetails+hasMerchantReturnPolicy,supplier-style phrasing: \bCJ\b,
cotton-linen-kitchen-curtain-with-tassels-half-shade-short-window-curtain-6-sizes,"Cotton Linen Kitchen Curtain with Tassels - Half-Shade Short Window Curtain, 6 Sizes",84,53,125,6,6,8,FAIL,FAIL,FAIL,PASS,FAIL,FAIL,FAIL,COPY: supplier-style phrasing: Packing list; \bCJ\b,product title long (84) | meta desc short (125) | no admin alt on any of 8 images (theme falls back to title on main image only),no cj: pid tag,,pending theme publish: shippingDetails+hasMerchantReturnPolicy,supplier-style phrasing: Packing list; \bCJ\b,lead paragraph >45 words
christmas-shower-curtain-printed-polyester-bathroom-curtain-3-festive-designs,"Christmas Shower Curtain - Printed Polyester Bathroom Curtain, 3 Festive Designs",80,55,138,5,3,5,FAIL,FAIL,FAIL,PASS,FAIL,PASS,FAIL,COPY: risky/performance words: waterproof,product title long (80) | tags 5<6 | no admin alt on any of 5 images (theme falls back to title on main image only),no cj: pid tag,,pending theme publish: shippingDetails+hasMerchantReturnPolicy,risky/performance words: waterproof | no shipping sentence,
cotton-pillowcase-pair-48-x-74-cm-soft-twill-standard-pillow-covers-12-colours,"Cotton Pillowcase Set of 2, 48 x 74 cm Twill Standard Pillow Covers – 12 Colours",80,61,132,5,12,12,FAIL,FAIL,FAIL,PASS,FAIL,FAIL,FAIL,SEO: product title long (80),product title long (80) | SEO title 61>60 | tags 5<6 | no admin alt on any of 12 images (theme falls back to title on main image only),no cj: pid tag,,pending theme publish: shippingDetails+hasMerchantReturnPolicy,no shipping sentence,lead paragraph >45 words | no who/use-case line
nutcracker-christmas-door-banner-set-2-hanging-porch-banners-180-cm,"Nutcracker Christmas Door Banner Set - 2 Hanging Porch Banners, 180 cm",70,53,131,6,2,5,FAIL,PASS,FAIL,PASS,FAIL,PASS,FAIL,COPY: no shipping sentence,no admin alt on any of 5 images (theme falls back to title on main image only),no cj: pid tag,,pending theme publish: shippingDetails+hasMerchantReturnPolicy,no shipping sentence,
lace-toilet-seat-cover-set-3-piece-fabric-and-lace-set-zipper-style-12-colours,"Lace Toilet Seat Cover Set - 3-Piece Fabric and Lace Set, Zipper Style, 12 Colours",82,59,139,7,12,12,FAIL,FAIL,FAIL,PASS,FAIL,PASS,FAIL,SEO: product title long (82),product title long (82) | no admin alt on any of 12 images (theme falls back to title on main image only),no cj: pid tag,,pending theme publish: shippingDetails+hasMerchantReturnPolicy,no shipping sentence,
christmas-linen-kitchen-apron-festive-cotton-linen-cooking-apron-12-prints,"Christmas Linen Kitchen Apron - Festive Cotton-Linen Cooking Apron, 12 Prints",77,58,141,5,12,13,FAIL,FAIL,FAIL,PASS,FAIL,PASS,FAIL,SEO: product title long (77),product title long (77) | tags 5<6 | no admin alt on any of 13 images (theme falls back to title on main image only),no cj: pid tag,,pending theme publish: shippingDetails+hasMerchantReturnPolicy,no shipping sentence,
4d-mesh-bath-pillow-with-suction-cups-machine-washable-bathtub-neck-and-back-support,4D Mesh Bath Pillow with Suction Cups - Machine Washable Bathtub Neck and Back Support,86,49,131,8,2,7,FAIL,FAIL,FAIL,PASS,FAIL,FAIL,FAIL,COPY: supplier-style phrasing: \bCJ\b,product title long (86) | no admin alt on any of 7 images (theme falls back to title on main image only),no cj: pid tag,,pending theme publish: shippingDetails+hasMerchantReturnPolicy,supplier-style phrasing: \bCJ\b | missing size/dimensions | no shipping sentence,lead paragraph >45 words | only 2/3 of size/material/included facts
boho-macrame-leaf-wall-hanging-woven-cotton-tapestry-with-tassels-30-x-85-cm-6-colours,"Boho Macrame Leaf Wall Hanging - Woven Cotton Tapestry with Tassels, 30 x 85 cm, 6 Colours",90,54,146,8,6,7,FAIL,FAIL,FAIL,PASS,FAIL,FAIL,FAIL,SEO: product title long (90),product title long (90) | no admin alt on any of 7 images (theme falls back to title on main image only),no cj: pid tag,,pending theme publish: shippingDetails+hasMerchantReturnPolicy,no shipping sentence,no who/use-case line
ombre-gradient-sheer-curtains-semi-sheer-window-panels-3-colours-4-lengths,"Ombre Gradient Sheer Curtains - Semi-Sheer Window Panels, 3 Colours, 4 Lengths",78,52,138,5,12,4,FAIL,FAIL,FAIL,PASS,FAIL,PASS,FAIL,SEO: product title long (78),product title long (78) | tags 5<6 | no admin alt on any of 4 images (theme falls back to title on main image only),no cj: pid tag,,pending theme publish: shippingDetails+hasMerchantReturnPolicy,no shipping sentence,
cotton-printed-tea-towel-set-retro-and-blue-and-white-kitchen-towels-45-x-45-cm,"Cotton Printed Tea Towel Set - Retro and Blue-and-White Kitchen Towels, 45 x 45 cm",82,52,129,5,12,5,FAIL,FAIL,FAIL,PASS,FAIL,FAIL,FAIL,SEO: product title long (82),product title long (82) | meta desc short (129) | tags 5<6 | no admin alt on any of 5 images (theme falls back to title on main image only),no cj: pid tag,,pending theme publish: shippingDetails+hasMerchantReturnPolicy,no shipping sentence,lead paragraph >45 words
christmas-tablecloth-printed-polyester-rectangular-table-cover-3-sizes,"Christmas Tablecloth - Printed Polyester Rectangular Table Cover, 3 Sizes",73,53,136,6,12,5,FAIL,FAIL,FAIL,PASS,FAIL,FAIL,FAIL,COPY: risky/performance words: waterproof,product title long (73) | no admin alt on any of 5 images (theme falls back to title on main image only),no cj: pid tag,,pending theme publish: shippingDetails+hasMerchantReturnPolicy,risky/performance words: waterproof | no shipping sentence,no who/use-case line
round-christmas-doormat-non-slip-festive-entry-rug-4-sizes,"Round Christmas Doormat - Non-Slip Festive Entry Rug, 4 Sizes",61,56,128,6,12,3,FAIL,FAIL,FAIL,PASS,FAIL,FAIL,FAIL,SEO: meta desc short (128),meta desc short (128) | no admin alt on any of 3 images (theme falls back to title on main image only),no cj: pid tag,,pending theme publish: shippingDetails+hasMerchantReturnPolicy,no shipping sentence,lead paragraph >45 words | no who/use-case line
moon-and-stars-wall-tapestry-soft-polyester-wall-hanging-4-sizes-3-designs,"Moon and Stars Wall Tapestry - Soft Polyester Wall Hanging, 4 Sizes, 3 Designs",78,47,143,6,12,6,FAIL,FAIL,FAIL,PASS,PASS,PASS,FAIL,SEO: product title long (78),product title long (78) | no admin alt on any of 6 images (theme falls back to title on main image only),no cj: pid tag,,pending theme publish: shippingDetails+hasMerchantReturnPolicy,,
woven-cotton-rope-storage-basket-43-x-33-cm-6-colours,"Woven Cotton Rope Storage Basket - 43 x 33 cm, 6 Colours",56,50,123,5,6,8,FAIL,FAIL,FAIL,PASS,FAIL,PASS,FAIL,SEO: meta desc short (123),meta desc short (123) | tags 5<6 | no admin alt on any of 8 images (theme falls back to title on main image only),no cj: pid tag,,pending theme publish: shippingDetails+hasMerchantReturnPolicy,no shipping sentence,
red-christmas-table-runner-coffee-table-cover,Red Christmas Table Runner and Coffee Table Cover,49,55,124,7,28,5,FAIL,FAIL,FAIL,PASS,FAIL,FAIL,FAIL,COPY: missing material/what's included,meta desc short (124) | no admin alt on any of 5 images (theme falls back to title on main image only),no cj: pid tag,,pending theme publish: shippingDetails+hasMerchantReturnPolicy,missing material/what's included,only 1/3 of size/material/included facts
embroidered-christmas-table-runner,Embroidered Christmas Table Runner — Cotton Linen,49,59,129,7,7,12,FAIL,FAIL,FAIL,PASS,FAIL,FAIL,FAIL,COPY: missing what's included,meta desc short (129) | no admin alt on any of 12 images (theme falls back to title on main image only),no cj: pid tag,,pending theme publish: shippingDetails+hasMerchantReturnPolicy,missing what's included,only 2/3 of size/material/included facts
rustic-wood-print-kitchen-runner-rug,"Printed Kitchen Runner Rug — Rustic Wood Look, 60 x 180 cm",58,56,158,16,4,4,FAIL,FAIL,FAIL,PASS,PASS,PASS,FAIL,SEO: meta desc long (158),meta desc long (158) | no admin alt on any of 4 images (theme falls back to title on main image only),no cj: pid tag,,pending theme publish: shippingDetails+hasMerchantReturnPolicy,,
quick-dry-non-slip-bath-mat,"Quick-Dry Non-Slip Bath Mat — 3 Sizes, 2 Shapes",47,59,147,7,11,17,FAIL,PASS,FAIL,PASS,FAIL,FAIL,FAIL,COPY: supplier-style phrasing: Package (list|includes?)\s*:,no admin alt on any of 17 images (theme falls back to title on main image only),no cj: pid tag,,pending theme publish: shippingDetails+hasMerchantReturnPolicy,supplier-style phrasing: Package (list|includes?)\s*: | no shipping sentence,no delivery timing line
jacquard-cotton-towel-set,Jacquard Cotton Towel Set — 3 Piece,35,45,137,6,3,12,FAIL,FAIL,FAIL,PASS,FAIL,FAIL,FAIL,COPY: missing what's included,product title short (35) | no admin alt on any of 12 images (theme falls back to title on main image only),no cj: pid tag,,pending theme publish: shippingDetails+hasMerchantReturnPolicy,missing what's included | no shipping sentence,only 2/3 of size/material/included facts | no delivery timing line
non-slip-woven-bath-mat,"Non-Slip Bath Mat — Woven, 6 Prints",35,49,141,6,12,6,FAIL,FAIL,FAIL,PASS,FAIL,FAIL,FAIL,COPY: risky/performance words: durable,product title short (35) | no admin alt on any of 6 images (theme falls back to title on main image only),no cj: pid tag,,pending theme publish: shippingDetails+hasMerchantReturnPolicy,risky/performance words: durable | missing what's included | no shipping sentence,only 2/3 of size/material/included facts | no delivery timing line
poached-egg-doormat,Poached Egg Doormat — Absorbent Non-Slip,40,59,146,6,5,7,FAIL,FAIL,FAIL,PASS,FAIL,FAIL,FAIL,COPY: missing what's included,product title short (40) | no admin alt on any of 7 images (theme falls back to title on main image only),no cj: pid tag,,pending theme publish: shippingDetails+hasMerchantReturnPolicy,missing what's included | no shipping sentence,only 2/3 of size/material/included facts | no delivery timing line
thanksgiving-maple-leaf-pumpkin-wreath,Thanksgiving Maple Leaf & Pumpkin Wreath — Autumn Door Decor,60,52,123,7,1,2,FAIL,FAIL,FAIL,PASS,FAIL,FAIL,FAIL,COPY: missing material/what's included,meta desc short (123) | no admin alt on any of 2 images (theme falls back to title on main image only),no cj: pid tag | images 2<3,,pending theme publish: shippingDetails+hasMerchantReturnPolicy,missing material/what's included,only 1/3 of size/material/included facts
autumn-maple-leaf-pumpkin-embroidered-cushion-cover,Autumn Maple Leaf & Pumpkin Embroidered Cushion Cover,53,56,112,8,2,1,FAIL,FAIL,FAIL,PASS,FAIL,FAIL,FAIL,COPY: missing material,meta desc short (112) | no admin alt on any of 1 images (theme falls back to title on main image only),no cj: pid tag | images 1<3,,pending theme publish: shippingDetails+hasMerchantReturnPolicy,missing material,only 2/3 of size/material/included facts
towel-embroidered-pumpkin-cushion-cover-45x45,"Towel-Embroidered Pumpkin Cushion Cover — 45 × 45 cm, 8 Colours",63,57,103,7,8,8,FAIL,FAIL,FAIL,PASS,PASS,PASS,FAIL,SEO: meta desc short (103),meta desc short (103) | no admin alt on any of 8 images (theme falls back to title on main image only),no cj: pid tag,,pending theme publish: shippingDetails+hasMerchantReturnPolicy,,
cotton-embroidered-snowflake-christmas-cushion-cover,Cotton Embroidered Snowflake Christmas Cushion Cover — 45 × 45 cm,65,57,131,7,6,7,FAIL,PASS,FAIL,PASS,PASS,PASS,FAIL,TECH: no cj: pid tag,no admin alt on any of 7 images (theme falls back to title on main image only),no cj: pid tag,,pending theme publish: shippingDetails+hasMerchantReturnPolicy,,
embroidered-christmas-cushion-cover-45x45,"Embroidered Christmas Cushion Cover — 45 × 45 cm, 8 Designs",59,56,130,7,13,13,FAIL,PASS,FAIL,PASS,FAIL,FAIL,FAIL,COPY: missing material,no admin alt on any of 13 images (theme falls back to title on main image only),no cj: pid tag,,pending theme publish: shippingDetails+hasMerchantReturnPolicy,missing material,only 2/3 of size/material/included facts
embroidered-knitted-christmas-stocking,Embroidered Knitted Christmas Stocking — 4 Colours,50,57,128,6,4,5,FAIL,FAIL,FAIL,PASS,FAIL,FAIL,FAIL,COPY: missing material/what's included,meta desc short (128) | no admin alt on any of 5 images (theme falls back to title on main image only),no cj: pid tag,,pending theme publish: shippingDetails+hasMerchantReturnPolicy,missing material/what's included,only 1/3 of size/material/included facts
red-christmas-tree-skirt-48-inch,Red Christmas Tree Skirt — Classic 48 Inch Tree Skirt,53,54,124,6,1,6,FAIL,FAIL,FAIL,PASS,FAIL,FAIL,FAIL,COPY: missing material/what's included,meta desc short (124) | no admin alt on any of 6 images (theme falls back to title on main image only),no cj: pid tag,,pending theme publish: shippingDetails+hasMerchantReturnPolicy,missing material/what's included,only 1/3 of size/material/included facts
modern-art-colourful-wall-print,"Modern Art Wall Print — Colourful Abstract, Unframed",52,53,129,5,2,2,FAIL,FAIL,FAIL,PASS,PASS,PASS,FAIL,TECH: images 2<3,meta desc short (129) | tags 5<6 | no admin alt on any of 2 images (theme falls back to title on main image only),no cj: pid tag | images 2<3,,pending theme publish: shippingDetails+hasMerchantReturnPolicy,,
abstract-wall-art-print-30x40,"Abstract Wall Art Print — Unframed, 30 × 40 cm, 3 Designs",57,54,127,5,3,4,FAIL,FAIL,FAIL,PASS,PASS,PASS,FAIL,SEO: meta desc short (127),meta desc short (127) | tags 5<6 | no admin alt on any of 4 images (theme falls back to title on main image only),no cj: pid tag,,pending theme publish: shippingDetails+hasMerchantReturnPolicy,,
foldable-fleece-pet-bed-mat,Foldable Fleece Pet Bed Mat — Soft Cushion for Cats & Small Dogs,64,48,126,5,8,11,FAIL,FAIL,FAIL,PASS,FAIL,PASS,FAIL,COPY: risky/performance words: waterproof,meta desc short (126) | tags 5<6 | no admin alt on any of 11 images (theme falls back to title on main image only),no cj: pid tag,,pending theme publish: shippingDetails+hasMerchantReturnPolicy,risky/performance words: waterproof,
foldable-cat-tent-bed,"Foldable Cat Tent Bed — Enclosed Cat House, 3 Sizes",51,53,135,5,7,7,FAIL,FAIL,FAIL,PASS,FAIL,FAIL,FAIL,COPY: duplicated lines: Light / Dark Green,tags 5<6 | no admin alt on any of 7 images (theme falls back to title on main image only),no cj: pid tag,,pending theme publish: shippingDetails+hasMerchantReturnPolicy,duplicated lines: Light / Dark Green | missing what's included,only 2/3 of size/material/included facts
nordic-knitted-throw-blanket-tassel,"Nordic Knitted Throw Blanket — Soft, Tassel Trim, 10 Colours",60,53,129,5,10,13,FAIL,FAIL,FAIL,PASS,FAIL,FAIL,FAIL,COPY: supplier-style phrasing: \bbeautiful and generous\b|\,meta desc short (129) | tags 5<6 | no admin alt on any of 13 images (theme falls back to title on main image only),no cj: pid tag,,pending theme publish: shippingDetails+hasMerchantReturnPolicy,supplier-style phrasing: \bbeautiful and generous\b|\ | missing material/what's included,only 1/3 of size/material/included facts
cotton-kitchen-apron-solid-colour,"Cotton Kitchen Apron — Simple Solid Colour, 5 Colours",53,51,136,5,5,9,FAIL,FAIL,FAIL,PASS,FAIL,FAIL,FAIL,COPY: missing size/dimensions/what's included,tags 5<6 | no admin alt on any of 9 images (theme falls back to title on main image only),no cj: pid tag,,pending theme publish: shippingDetails+hasMerchantReturnPolicy,missing size/dimensions/what's included,only 1/3 of size/material/included facts
flower-shaped-plush-bedside-rug,"Flower-Shaped Plush Bedside Rug — Soft Bedroom Mat, 2 Colours",61,59,112,5,4,6,FAIL,FAIL,FAIL,PASS,FAIL,FAIL,FAIL,COPY: missing what's included,meta desc short (112) | tags 5<6 | no admin alt on any of 6 images (theme falls back to title on main image only),no cj: pid tag,,pending theme publish: shippingDetails+hasMerchantReturnPolicy,missing what's included,only 2/3 of size/material/included facts
botanical-watercolour-canvas-wall-art-set-of-3,Botanical Watercolour Wall Art — Set of 3 Unframed Canvas Prints,64,59,140,6,4,5,FAIL,PASS,FAIL,PASS,PASS,FAIL,FAIL,GEO: unverifiable superlative,no admin alt on any of 5 images (theme falls back to title on main image only),no cj: pid tag,,pending theme publish: shippingDetails+hasMerchantReturnPolicy,,unverifiable superlative
chenille-jacquard-tassel-table-runner,Chenille Jacquard Table Runner — Floral with Tassels,52,53,138,15,14,5,FAIL,PASS,FAIL,PASS,FAIL,PASS,FAIL,COPY: duplicated lines: up to 120 cm (4 ft),no admin alt on any of 5 images (theme falls back to title on main image only),no cj: pid tag,,pending theme publish: shippingDetails+hasMerchantReturnPolicy,duplicated lines: up to 120 cm (4 ft),
botanical-watercolour-shower-curtain,"Botanical Shower Curtain — Watercolour Florals, 6 Sizes",55,54,161,16,24,5,FAIL,FAIL,FAIL,PASS,FAIL,FAIL,FAIL,"COPY: risky/performance words: mildew, waterproof",meta desc long (161) | no admin alt on any of 5 images (theme falls back to title on main image only),no cj: pid tag,,pending theme publish: shippingDetails+hasMerchantReturnPolicy,"risky/performance words: mildew, waterproof",unverifiable superlative
electronic-kitchen-scale,Digital Kitchen Scale — 500 g / 0.1 g Precision for Coffee & Baking,67,58,150,4,8,13,FAIL,FAIL,FAIL,PASS,FAIL,FAIL,FAIL,SEO: tags 4<6,tags 4<6 | no admin alt on any of 13 images (theme falls back to title on main image only),no cj: pid tag,,pending theme publish: shippingDetails+hasMerchantReturnPolicy,no shipping sentence,no delivery timing line | unverifiable superlative
botanical-coastal-boho-peva-shower-curtain,"Botanical, Coastal & Boho PEVA Shower Curtain",45,48,149,6,99,11,FAIL,PASS,FAIL,PASS,FAIL,FAIL,FAIL,COPY: missing what's included,no admin alt on any of 11 images (theme falls back to title on main image only),no cj: pid tag,,pending theme publish: shippingDetails+hasMerchantReturnPolicy,missing what's included | no shipping sentence,only 2/3 of size/material/included facts | no delivery timing line
matte-black-bathroom-accessories-set-plastic-soap-dispenser-toothbrush-holder-cup-soap-dish-for-modern-bathroom-decor,"Matte Bathroom Accessories – Soap Dispenser, Toothbrush Holder & Soap Dish",74,55,140,10,15,20,FAIL,FAIL,FAIL,PASS,FAIL,FAIL,FAIL,COPY: missing size/dimensions/what's included,product title long (74) | no admin alt on any of 20 images (theme falls back to title on main image only),no cj: pid tag,,pending theme publish: shippingDetails+hasMerchantReturnPolicy,missing size/dimensions/what's included | no shipping sentence,only 1/3 of size/material/included facts | no delivery timing line
bathroom-black-cat-canvas-poster-toilet-wall-art-print,Black Cat Bathroom Canvas Art Set,33,55,130,6,4,6,FAIL,FAIL,FAIL,PASS,FAIL,FAIL,FAIL,SEO: product title short (33),product title short (33) | no admin alt on any of 6 images (theme falls back to title on main image only),no cj: pid tag,,pending theme publish: shippingDetails+hasMerchantReturnPolicy,no shipping sentence,no delivery timing line | unverifiable superlative
tie-dye-plush-rug-plush-toilet-three-piece-set,Plush 3-Piece Toilet Rug Set,28,54,122,5,13,14,FAIL,FAIL,FAIL,PASS,FAIL,FAIL,FAIL,COPY: supplier-style phrasing: \bsuitable for (you|your)\b,product title short (28) | meta desc short (122) | tags 5<6 | no admin alt on any of 14 images (theme falls back to title on main image only),no cj: pid tag,,pending theme publish: shippingDetails+hasMerchantReturnPolicy,supplier-style phrasing: \bsuitable for (you|your)\b | no shipping sentence,no delivery timing line
round-plush-accent-rug,Round Plush Accent Rug — 13 Colours,35,55,140,6,52,15,FAIL,FAIL,FAIL,PASS,FAIL,FAIL,FAIL,COPY: missing what's included,product title short (35) | no admin alt on any of 15 images (theme falls back to title on main image only),no cj: pid tag,,pending theme publish: shippingDetails+hasMerchantReturnPolicy,missing what's included | no shipping sentence,only 2/3 of size/material/included facts | no who/use-case line | no delivery timing line
watercolour-shower-curtain-set,Watercolour Shower Curtain — Solo or 4-Piece Set,48,58,141,5,2,5,FAIL,FAIL,FAIL,PASS,FAIL,FAIL,FAIL,COPY: risky/performance words: durable,tags 5<6 | no admin alt on any of 5 images (theme falls back to title on main image only),no cj: pid tag,,pending theme publish: shippingDetails+hasMerchantReturnPolicy,risky/performance words: durable | no shipping sentence,no delivery timing line
dinosaur-shower-curtain,Dinosaur Shower Curtain — Kids' Bathroom,40,51,147,5,1,5,FAIL,FAIL,FAIL,PASS,FAIL,FAIL,FAIL,COPY: missing what's included,product title short (40) | tags 5<6 | no admin alt on any of 5 images (theme falls back to title on main image only),no cj: pid tag,,pending theme publish: shippingDetails+hasMerchantReturnPolicy,missing what's included | no shipping sentence,only 2/3 of size/material/included facts | no delivery timing line
anti-mildew-shower-curtain,Anti-Mildew Shower Curtain — Stone or Sheer,43,47,149,5,5,7,FAIL,FAIL,FAIL,PASS,FAIL,FAIL,FAIL,"COPY: risky/performance words: anti-mildew, mildew",product title short (43) | tags 5<6 | no admin alt on any of 7 images (theme falls back to title on main image only),no cj: pid tag,,pending theme publish: shippingDetails+hasMerchantReturnPolicy,"risky/performance words: anti-mildew, mildew | missing what's included | no shipping sentence",only 2/3 of size/material/included facts | no delivery timing line
geometric-shower-curtain,Waterproof Shower Curtain — 11 Colours & Prints,47,54,140,5,99,11,FAIL,FAIL,FAIL,PASS,FAIL,FAIL,FAIL,COPY: risky/performance words: waterproof,tags 5<6 | no admin alt on any of 11 images (theme falls back to title on main image only),no cj: pid tag,,pending theme publish: shippingDetails+hasMerchantReturnPolicy,risky/performance words: waterproof | missing what's included | no shipping sentence,only 2/3 of size/material/included facts | no delivery timing line
terrazzo-shower-curtain,Terrazzo Shower Curtain — Waterproof Polyester,46,56,143,6,51,10,FAIL,PASS,FAIL,PASS,FAIL,FAIL,FAIL,"COPY: risky/performance words: mildew, waterproof",no admin alt on any of 10 images (theme falls back to title on main image only),no cj: pid tag,,pending theme publish: shippingDetails+hasMerchantReturnPolicy,"risky/performance words: mildew, waterproof | missing what's included | no shipping sentence",only 2/3 of size/material/included facts | no delivery timing line
modern-bath-set,Mix-and-Match Bathroom Collection — Pieces Sold Separately,58,57,141,5,6,5,FAIL,FAIL,FAIL,PASS,FAIL,FAIL,FAIL,COPY: missing size/dimensions,tags 5<6 | no admin alt on any of 5 images (theme falls back to title on main image only),no cj: pid tag,,pending theme publish: shippingDetails+hasMerchantReturnPolicy,missing size/dimensions | no shipping sentence,only 2/3 of size/material/included facts | no delivery timing line
